{
  "columns": [
    "Gender",
    "Age_at_diagnosis",
    "Primary_Diagnosis",
    "Race",
    "IDH1",
    "TP53",
    "ATRX",
    "PTEN",
    "EGFR",
    "CIC",
    "MUC16",
    "PIK3CA",
    "NF1",
    "PIK3R1",
    "FUBP1",
    "RB1",
    "NOTCH1",
    "BCOR",
    "CSMD3",
    "SMARCA4",
    "GRIN2A",
    "IDH2",
    "FAT4",
    "PDGFRA"
  ],
  "means": {
    "IDH1": 0.47750362844702465,
    "TP53": 0.4020319303338171,
    "ATRX": 0.26850507982583455,
    "PTEN": 0.1741654571843251,
    "EGFR": 0.13352685050798258,
    "CIC": 0.13062409288824384,
    "MUC16": 0.10740203193033382,
    "PIK3CA": 0.08563134978229318,
    "NF1": 0.07692307692307693,
    "PIK3R1": 0.06386066763425254,
    "FUBP1": 0.05370101596516691,
    "RB1": 0.047895500725689405,
    "NOTCH1": 0.04354136429608128,
    "BCOR": 0.040638606676342524,
    "CSMD3": 0.03483309143686502,
    "SMARCA4": 0.03918722786647315,
    "GRIN2A": 0.030478955007256895,
    "IDH2": 0.023222060957910014,
    "FAT4": 0.02467343976777939,
    "PDGFRA": 0.02902757619738752
  },
  "modes": {
    "Gender": "Male",
    "Age_at_diagnosis": "--",
    "Primary_Diagnosis": "Glioblastoma",
    "Race": "white"
  },
  "categoricals": [
    "Gender",
    "Age_at_diagnosis",
    "Primary_Diagnosis",
    "Race"
  ],
  "cat_levels": {
    "Gender": [
      "Male",
      "Female",
      "--"
    ],
    "Age_at_diagnosis": [
      "--",
      "60 years 5 days",
      "47 years 266 days",
      "38 years 13 days",
      "35 years 68 days",
      "64 years 298 days",
      "30 years 32 days",
      "38 years 203 days",
      "53 years 252 days",
      "65 years 344 days",
      "55 years 48 days",
      "55 years 267 days",
      "61 years 52 days",
      "76 years 171 days",
      "33 years 54 days",
      "37 years 83 days",
      "42 years 141 days",
      "86 years 155 days",
      "50 years 59 days",
      "22 years 8 days",
      "34 years 339 days",
      "55 years 46 days",
      "48 years 342 days",
      "52 years 32 days",
      "49 years 174 days",
      "74 years 144 days",
      "27 years 166 days",
      "39 years 359 days",
      "48 years 124 days",
      "31 years 8 days",
      "67 years 34 days",
      "30 years 334 days",
      "51 years 275 days",
      "62 years 202 days",
      "35 years 189 days",
      "29 years 198 days",
      "47 years 123 days",
      "17 years 271 days",
      "27 years 323 days",
      "58 years 327 days",
      "38 years 326 days",
      "67 years 215 days",
      "78 years 93 days",
      "59 years 157 days",
      "40 years 300 days",
      "26 years 209 days",
      "62 years 304 days",
      "58 years 157 days",
      "37 years 81 days",
      "36 years 357 days"
    ],
    "Primary_Diagnosis": [
      "Glioblastoma",
      "Astrocytoma, anaplastic",
      "Mixed glioma",
      "Oligodendroglioma, NOS",
      "Oligodendroglioma, anaplastic",
      "Astrocytoma, NOS",
      "--"
    ],
    "Race": [
      "white",
      "black or african american",
      "not reported",
      "asian",
      "--",
      "american indian or alaska native"
    ]
  }
}